StartDate;EndDate;Status;IPAddress;Progress;Duration (in seconds);Finished;RecordedDate;ResponseId;RecipientLastName;RecipientFirstName;RecipientEmail;ExternalReference;LocationLatitude;LocationLongitude;DistributionChannel;UserLanguage;DCE Laptops1_1;DCE Laptops2_1;DCE Laptops3_1;DCE Laptops4_1;DCE Laptops5_1;DCE Laptops6_1;DCE Laptops7_1;DCE Laptops8_1;DCE Laptops9_1;DCE Laptops10_1;DCE Laptops11_1;DCE Laptops12_1;DCE Laptops13_1;DCE Laptops14_1;DCE Laptops15_1;DCE Laptops16_1;DCE Laptops17_1;DCE Laptops18_1;PID
Start Date;End Date;Response Type;IP Address;Progress;Duration (in seconds);Finished;Recorded Date;Response ID;Recipient Last Name;Recipient First Name;Recipient Email;External Data Reference;Location Latitude;Location Longitude;Distribution Channel;User Language;"Among the following laptops, which one would you prefer to purchase? 






 

Option 1

Option 2

Price
$1,500
$1,200


Screen size
17 inches
15 inches


Processor
Intel Core i7
AMD Ryzen 7


RAM
4GB
16GB


Storage type
HDD (1TB)
SSD (512GB)


Graphics card
NVIDIA GeForce RTX 3080
Intel UHD Graphics


Warranty period
5 Years
1 Year - Your choice:";"Among the following laptops, which one would you prefer to purchase? 






 

Option 1

Option 2

Price
$1,200
$1,500


Screen size
17 inches
15 inches


Processor
Intel Core i7
Intel Core i7


RAM
32GB
4GB


Storage type
SSD (256GB)
HDD (1TB)


Graphics card
NVIDIA GeForce RTX 2060
NVIDIA GeForce GTX 1650


Warranty period
3 Years
1 Year - Your choice:";"Among the following laptops, which one would you prefer to purchase? 






 

Option 1

Option 2

Price
$800
$800


Screen size
17 inches
15 inches


Processor
AMD Ryzen 5
AMD Ryzen 7


RAM
8GB
4GB


Storage type
HDD (500GB)
SSD (256GB)


Graphics card
NVIDIA GeForce GTX 1650
NVIDIA GeForce RTX 2060


Warranty period
3 Years
3 Years - Your choice:";"Among the following laptops, which one would you prefer to purchase? 






 

Option 1

Option 2

Price
$1,500
$800


Screen size
15 inches
17 inches


Processor
Intel Core i7
AMD Ryzen 7


RAM
32GB
16GB


Storage type
SSD (256GB)
SSD (512GB)


Graphics card
Intel UHD Graphics
NVIDIA GeForce GTX 1650


Warranty period
1 Year
3 Years - Your choice:";"Among the following laptops, which one would you prefer to purchase? 






 

Option 1

Option 2

Price
$1,200
$1,500


Screen size
13 inches
15 inches


Processor
AMD Ryzen 5
Inten Core i5


RAM
16GB
8GB


Storage type
SSD (512GB)
HDD (1TB)


Graphics card
Intel UHD Graphics
NVIDIA GeForce RTX 3080


Warranty period
5 Years
3 Years - Your choice:";"Among the following laptops, which one would you prefer to purchase? 






 

Option 1

Option 2

Price
$1,500
$1,200


Screen size
17 inches
15 inches


Processor
AMD Ryzen 5
Inten Core i5


RAM
4GB
8GB


Storage type
SSD (512GB)
HDD (500GB)


Graphics card
NVIDIA GeForce RTX 2060
NVIDIA GeForce RTX 3080


Warranty period
3 Years
5 Years - Your choice:";"Among the following laptops, which one would you prefer to purchase? 






 

Option 1

Option 2

Price
$1,200
$800


Screen size
15 inches
13 inches


Processor
Intel Core i7
Inten Core i5


RAM
8GB
32GB


Storage type
SSD (512GB)
SSD (256GB)


Graphics card
NVIDIA GeForce RTX 3080
NVIDIA GeForce GTX 1650


Warranty period
3 Years
5 Years - Your choice:";"Among the following laptops, which one would you prefer to purchase? 






 

Option 1

Option 2

Price
$1,500
$800


Screen size
17 inches
15 inches


Processor
AMD Ryzen 7
Intel Core i7


RAM
8GB
32GB


Storage type
SSD (256GB)
HDD (500GB)


Graphics card
Intel UHD Graphics
NVIDIA GeForce GTX 1650


Warranty period
1 Year
3 Years - Your choice:";"Among the following laptops, which one would you prefer to purchase? 






 

Option 1

Option 2

Price
$800
$1,200


Screen size
15 inches
13 inches


Processor
Inten Core i5
AMD Ryzen 7


RAM
16GB
4GB


Storage type
SSD (256GB)
HDD (500GB)


Graphics card
NVIDIA GeForce RTX 3080
Intel UHD Graphics


Warranty period
1 Year
3 Years - Your choice:";"Among the following laptops, which one would you prefer to purchase? 






 

Option 1

Option 2

Price
$800
$1,500


Screen size
13 inches
17 inches


Processor
Inten Core i5
AMD Ryzen 5


RAM
8GB
32GB


Storage type
HDD (1TB)
SSD (256GB)


Graphics card
NVIDIA GeForce RTX 2060
NVIDIA GeForce RTX 3080


Warranty period
3 Years
1 Year - Your choice:";"Among the following laptops, which one would you prefer to purchase? 






 

Option 1

Option 2

Price
$1,500
$1,200


Screen size
17 inches
13 inches


Processor
Inten Core i5
Intel Core i7


RAM
16GB
8GB


Storage type
HDD (500GB)
SSD (512GB)


Graphics card
NVIDIA GeForce GTX 1650
NVIDIA GeForce GTX 1650


Warranty period
1 Year
1 Year - Your choice:";"Among the following laptops, which one would you prefer to purchase? 






 

Option 1

Option 2

Price
$1,200
$1,200


Screen size
17 inches
13 inches


Processor
Inten Core i5
AMD Ryzen 5


RAM
4GB
16GB


Storage type
HDD (1TB)
HDD (500GB)


Graphics card
Intel UHD Graphics
NVIDIA GeForce RTX 2060


Warranty period
3 Years
5 Years - Your choice:";"Among the following laptops, which one would you prefer to purchase? 






 

Option 1

Option 2

Price
$800
$800


Screen size
15 inches
13 inches


Processor
AMD Ryzen 5
Intel Core i7


RAM
32GB
16GB


Storage type
HDD (500GB)
SSD (256GB)


Graphics card
Intel UHD Graphics
Intel UHD Graphics


Warranty period
5 Years
3 Years - Your choice:";"Among the following laptops, which one would you prefer to purchase? 






 

Option 1

Option 2

Price
$1,500
$800


Screen size
15 inches
17 inches


Processor
Inten Core i5
Intel Core i7


RAM
8GB
8GB


Storage type
SSD (256GB)
HDD (1TB)


Graphics card
NVIDIA GeForce GTX 1650
Intel UHD Graphics


Warranty period
3 Years
1 Year - Your choice:";"Among the following laptops, which one would you prefer to purchase? 






 

Option 1

Option 2

Price
$800
$1,500


Screen size
17 inches
15 inches


Processor
AMD Ryzen 7
AMD Ryzen 5


RAM
4GB
16GB


Storage type
HDD (500GB)
HDD (1TB)


Graphics card
NVIDIA GeForce GTX 1650
NVIDIA GeForce RTX 3080


Warranty period
1 Year
5 Years - Your choice:";"Among the following laptops, which one would you prefer to purchase? 






 

Option 1

Option 2

Price
$1,500
$800


Screen size
15 inches
17 inches


Processor
AMD Ryzen 7
Inten Core i5


RAM
16GB
4GB


Storage type
HDD (1TB)
SSD (512GB)


Graphics card
NVIDIA GeForce GTX 1650
NVIDIA GeForce RTX 3080


Warranty period
1 Year
1 Year - Your choice:";"Among the following laptops, which one would you prefer to purchase? 






 

Option 1

Option 2

Price
$800
$1,500


Screen size
15 inches
13 inches


Processor
AMD Ryzen 5
AMD Ryzen 7


RAM
4GB
32GB


Storage type
SSD (256GB)
SSD (512GB)


Graphics card
Intel UHD Graphics
NVIDIA GeForce RTX 2060


Warranty period
3 Years
5 Years - Your choice:";"Among the following laptops, which one would you prefer to purchase? 






 

Option 1

Option 2

Price
$1,500
$1,500


Screen size
13 inches
15 inches


Processor
AMD Ryzen 7
Intel Core i7


RAM
32GB
16GB


Storage type
HDD (500GB)
SSD (256GB)


Graphics card
NVIDIA GeForce RTX 3080
NVIDIA GeForce GTX 1650


Warranty period
1 Year
5 Years - Your choice:";PID
"{""ImportId"":""startDate"",""timeZone"":""America/Denver""}";"{""ImportId"":""endDate"",""timeZone"":""America/Denver""}";"{""ImportId"":""status""}";"{""ImportId"":""ipAddress""}";"{""ImportId"":""progress""}";"{""ImportId"":""duration""}";"{""ImportId"":""finished""}";"{""ImportId"":""recordedDate"",""timeZone"":""America/Denver""}";"{""ImportId"":""_recordId""}";"{""ImportId"":""recipientLastName""}";"{""ImportId"":""recipientFirstName""}";"{""ImportId"":""recipientEmail""}";"{""ImportId"":""externalDataReference""}";"{""ImportId"":""locationLatitude""}";"{""ImportId"":""locationLongitude""}";"{""ImportId"":""distributionChannel""}";"{""ImportId"":""userLanguage""}";"{""ImportId"":""QID266_1""}";"{""ImportId"":""QID267_1""}";"{""ImportId"":""QID268_1""}";"{""ImportId"":""QID269_1""}";"{""ImportId"":""QID270_1""}";"{""ImportId"":""QID271_1""}";"{""ImportId"":""QID272_1""}";"{""ImportId"":""QID273_1""}";"{""ImportId"":""QID274_1""}";"{""ImportId"":""QID275_1""}";"{""ImportId"":""QID276_1""}";"{""ImportId"":""QID277_1""}";"{""ImportId"":""QID278_1""}";"{""ImportId"":""QID279_1""}";"{""ImportId"":""QID280_1""}";"{""ImportId"":""QID281_1""}";"{""ImportId"":""QID282_1""}";"{""ImportId"":""QID283_1""}";"{“ImportId"":""PID""}"
2024-05-27 14:00:30;2024-05-27 14:01:50;IP Address;62.198.211.157;100;80;True;2024-05-27 14:01:51;R_2zZVUEJbTpHwroa;;;;;56.4565;10.0274;anonymous;EN;Option 2;If these are the only options for laptops, I prefer not to purchase any at this time.;Option 2;Option 1;Option 2;Option 2;If these are the only options for laptops, I prefer not to purchase any at this time.;Option 1;If these are the only options for laptops, I prefer not to purchase any at this time.;Option 2;Option 2;Option 2;If these are the only options for laptops, I prefer not to purchase any at this time.;If these are the only options for laptops, I prefer not to purchase any at this time.;Option 2;Option 1;If these are the only options for laptops, I prefer not to purchase any at this time.;If these are the only options for laptops, I prefer not to purchase any at this time.;NickSimonsen123